Unaligned 	na 	na 	na
CP000139 	435590 	Bacteroides vulgatus ATCC 8482, complete genome 	Bacteria| FCB group| Bacteroidetes/Chlorobi group| Bacteroidetes| Bacteroidia| Bacteroidales| Bacteroidaceae| Bacteroides| Bacteroides vulgatus
FP929033 	657309 	Bacteroides xylanisolvens XB1A draft genome 	 Bacteria| FCB group| Bacteroidetes/Chlorobi group| Bacteroidetes| Bacteroidia| Bacteroidales| Bacteroidaceae| Bacteroides| Bacteroides xylanisolvens
FP929042 	657318 	Eubacterium rectale DSM 17629 draft genome 	 Bacteria| Terrabacteria group| Firmicutes| Clostridia| Clostridiales| Lachnospiraceae| unclassified Lachnospiraceae| [Eubacterium] rectale
FP929043 	657317 	Eubacterium rectale M104/1 draft genome 	 Bacteria| Terrabacteria group| Firmicutes| Clostridia| Clostridiales| Lachnospiraceae| unclassified Lachnospiraceae| [Eubacterium] rectale
CP007619 	357276 	Bacteroides dorei isolate HS1_L_1_B_010, complete genome 	 Bacteria| FCB group| Bacteroidetes/Chlorobi group| Bacteroidetes| Bacteroidia| Bacteroidales| Bacteroidaceae| Bacteroides
CP001107 	515619 	Eubacterium rectale ATCC 33656, complete genome 	 Bacteria| Terrabacteria group| Firmicutes| Clostridia| Clostridiales| Lachnospiraceae| unclassified Lachnospiraceae| [Eubacterium] rectale
AE015928 	226186 	Bacteroides thetaiotaomicron VPI-5482, complete genome 	 Bacteria| FCB group| Bacteroidetes/Chlorobi group| Bacteroidetes| Bacteroidia| Bacteroidales| Bacteroidaceae| Bacteroides| Bacteroides thetaiotaomicron
CP008741 	357276 	Bacteroides dorei isolate HS1_L_3_B_079, complete genome 	 Bacteria| FCB group| Bacteroidetes/Chlorobi group| Bacteroidetes| Bacteroidia| Bacteroidales| Bacteroidaceae| Bacteroides
FP929045 	718252 	Faecalibacterium prausnitzii L2/6 draft genome 	 Bacteria| Terrabacteria group| Firmicutes| Clostridia| Clostridiales| Ruminococcaceae| Faecalibacterium| Faecalibacterium prausnitzii
FP929048 	657316 	Megamonas hypermegale ART12/1 draft genome 	 Bacteria| Terrabacteria group| Firmicutes| Negativicutes| Selenomonadales| Selenomonadaceae| Megamonas| Megamonas hypermegale
FP929032 	717959 	Alistipes shahii WAL 8301 draft genome 	 Bacteria| FCB group| Bacteroidetes/Chlorobi group| Bacteroidetes| Bacteroidia| Bacteroidales| Rikenellaceae| Alistipes| Alistipes shahii
FP929046 	657322 	Faecalibacterium prausnitzii SL3/3 draft genome 	 Bacteria| Terrabacteria group| Firmicutes| Clostridia| Clostridiales| Ruminococcaceae| Faecalibacterium| Faecalibacterium prausnitzii
KJ816753 	817 	Bacteroides fragilis strain HMW 615 transposon CTnHyb, complete sequence 	 Bacteria| FCB group| Bacteroidetes/Chlorobi group| Bacteroidetes| Bacteroidia| Bacteroidales| Bacteroidaceae| Bacteroides
FQ312004 	862962 	Bacteroides fragilis 638R genome 	 Bacteria| FCB group| Bacteroidetes/Chlorobi group| Bacteroidetes| Bacteroidia| Bacteroidales| Bacteroidaceae| Bacteroides| Bacteroides fragilis
FP929051 	657321 	Ruminococcus bromii L2-63 draft genome 	 Bacteria| Terrabacteria group| Firmicutes| Clostridia| Clostridiales| Ruminococcaceae| Ruminococcus| Ruminococcus bromii
HF545616 	1160721 	Ruminococcus bicirculans chromosome I, complete genome 	 Bacteria| Terrabacteria group| Firmicutes| Clostridia| Clostridiales| Ruminococcaceae| Ruminococcus
CP002352 	693979 	Bacteroides helcogenes P 36-108, complete genome 	 Bacteria| FCB group| Bacteroidetes/Chlorobi group| Bacteroidetes| Bacteroidia| Bacteroidales| Bacteroidaceae| Bacteroides| Bacteroides helcogenes
CP003040 	585394 	Roseburia hominis A2-183, complete genome 	 Bacteria| Terrabacteria group| Firmicutes| Clostridia| Clostridiales| Lachnospiraceae| Roseburia| Roseburia hominis
FP929055 	657313 	Ruminococcus torques L2-14 draft genome 	 Bacteria| Terrabacteria group| Firmicutes| Clostridia| Clostridiales| Lachnospiraceae| Blautia| [Ruminococcus] torques
CR626927 	272559 	Bacteroides fragilis NCTC 9343, complete genome 	 Bacteria| FCB group| Bacteroidetes/Chlorobi group| Bacteroidetes| Bacteroidia| Bacteroidales| Bacteroidaceae| Bacteroides| Bacteroides fragilis
CP000140 	435591 	Parabacteroides distasonis ATCC 8503, complete genome 	 Bacteria| FCB group| Bacteroidetes/Chlorobi group| Bacteroidetes| Bacteroidia| Bacteroidales| Porphyromonadaceae| Parabacteroides| Parabacteroides distasonis
AB646744 	817 	Bacteroides fragilis plasmid pBFUK1 DNA, complete genome, strain: GAI92082 	 Bacteria| FCB group| Bacteroidetes/Chlorobi group| Bacteroidetes| Bacteroidia| Bacteroidales| Bacteroidaceae| Bacteroides
CP001104 	515620 	Eubacterium eligens ATCC 27750, complete genome 	 Bacteria| Terrabacteria group| Firmicutes| Clostridia| Clostridiales| Eubacteriaceae| Eubacterium| [Eubacterium] eligens
CP002530 	667015 	Bacteroides salanitronis DSM 18170, complete genome 	 Bacteria| FCB group| Bacteroidetes/Chlorobi group| Bacteroidetes| Bacteroidia| Bacteroidales| Bacteroidaceae| Bacteroides| Bacteroides salanitronis
AP006841 	295405 	Bacteroides fragilis YCH46 DNA, complete genome 	 Bacteria| FCB group| Bacteroidetes/Chlorobi group| Bacteroidetes| Bacteroidia| Bacteroidales| Bacteroidaceae| Bacteroides| Bacteroides fragilis
U30316 	817 	Bacteroides fragilis strain IB143 plasmid pBI143, complete sequence 	 Bacteria| FCB group| Bacteroidetes/Chlorobi group| Bacteroidetes| Bacteroidia| Bacteroidales| Bacteroidaceae| Bacteroides
FP929061 	649756 	Anaerostipes hadrus draft genome 	 Bacteria| Terrabacteria group| Firmicutes| Clostridia| Clostridiales| Lachnospiraceae| Anaerostipes
CP002286 	890402 	Bifidobacterium longum subsp. longum BBMN68, complete genome 	 Bacteria| Terrabacteria group| Actinobacteria| Actinobacteria| Bifidobacteriales| Bifidobacteriaceae| Bifidobacterium| Bifidobacterium longum| Bifidobacterium longum subsp. longum
FP929062 	245014 	Clostridiales sp. SS3/4 draft genome 	 Bacteria| Terrabacteria group| Firmicutes| Clostridia| Clostridiales| unclassified Clostridiales| unclassified Clostridiales (miscellaneous)
FP929053 	657323 	Ruminococcus sp. SR1/5 draft genome 	 Bacteria| Terrabacteria group| Firmicutes| Clostridia| Clostridiales| Ruminococcaceae| Ruminococcus
FP929054 	657314 	Ruminococcus obeum A2-162 draft genome 	 Bacteria| Terrabacteria group| Firmicutes| Clostridia| Clostridiales| Lachnospiraceae| Blautia| Blautia obeum
AY515263 	817 	Bacteroides fragilis conjugative transposon CTn341, complete sequence 	 Bacteria| FCB group| Bacteroidetes/Chlorobi group| Bacteroidetes| Bacteroidia| Bacteroidales| Bacteroidaceae| Bacteroides
FP929038 	717962 	Coprococcus catus GD/7 draft genome 	 Bacteria| Terrabacteria group| Firmicutes| Clostridia| Clostridiales| Lachnospiraceae| Coprococcus| Coprococcus catus
FP929050 	718255 	Roseburia intestinalis XB6B4 draft genome 	 Bacteria| Terrabacteria group| Firmicutes| Clostridia| Clostridiales| Lachnospiraceae| Roseburia| Roseburia intestinalis
CP003274 	679935 	Alistipes finegoldii DSM 17242, complete genome 	 Bacteria| FCB group| Bacteroidetes/Chlorobi group| Bacteroidetes| Bacteroidia| Bacteroidales| Rikenellaceae| Alistipes| Alistipes finegoldii
HF545617 	1160721 	Ruminococcus bicirculans chromosome II, complete genome 	 Bacteria| Terrabacteria group| Firmicutes| Clostridia| Clostridiales| Ruminococcaceae| Ruminococcus
CR626928 	272559 	Bacteroides fragilis NCTC 9343 pBF9343 plasmid complete sequence 	 Bacteria| FCB group| Bacteroidetes/Chlorobi group| Bacteroidetes| Bacteroidia| Bacteroidales| Bacteroidaceae| Bacteroides| Bacteroides fragilis
FP929041 	717960 	Eubacterium cylindroides T2-87 draft genome 	 Bacteria| Terrabacteria group| Firmicutes| Erysipelotrichia| Erysipelotrichales| Erysipelotrichaceae| Faecalitalea| Faecalitalea cylindroides
AJ557257 	28116 	Bacteroides ovatus partial transposon CTnGERM1 	 Bacteria| FCB group| Bacteroidetes/Chlorobi group| Bacteroidetes| Bacteroidia| Bacteroidales| Bacteroidaceae| Bacteroides
FQ312002 	862965 	Haemophilus parainfluenzae T3T1 complete genome 	 Bacteria| Proteobacteria| Gammaproteobacteria| Pasteurellales| Pasteurellaceae| Haemophilus| Haemophilus parainfluenzae
CP001106 	515620 	Eubacterium eligens ATCC 27750 plasmid, complete sequence 	 Bacteria| Terrabacteria group| Firmicutes| Clostridia| Clostridiales| Eubacteriaceae| Eubacterium| [Eubacterium] eligens
AP010888 	565042 	Bifidobacterium longum subsp. longum JCM 1217 DNA, complete genome 	 Bacteria| Terrabacteria group| Actinobacteria| Actinobacteria| Bifidobacteriales| Bifidobacteriaceae| Bifidobacterium| Bifidobacterium longum| Bifidobacterium longum subsp. longum
CP002794 	1035817 	Bifidobacterium longum subsp. longum KACC 91563, complete genome 	 Bacteria| Terrabacteria group| Actinobacteria| Actinobacteria| Bifidobacteriales| Bifidobacteriaceae| Bifidobacterium| Bifidobacterium longum| Bifidobacterium longum subsp. longum
FP929037 	717608 	Clostridium saccharolyticum-like K10 draft genome 	 Bacteria| Terrabacteria group| Firmicutes| Clostridia| Clostridiales| Lachnospiraceae| Lachnoclostridium| [Clostridium] saccharolyticum
FP929049 	657315 	Roseburia intestinalis M50/1 draft genome 	 Bacteria| Terrabacteria group| Firmicutes| Clostridia| Clostridiales| Lachnospiraceae| Roseburia| Roseburia intestinalis
AP014658 	216816 	Bifidobacterium longum DNA, complete genome, strain: 105-A 	 Bacteria| Terrabacteria group| Actinobacteria| Actinobacteria| Bifidobacteriales| Bifidobacteriaceae| Bifidobacterium
FP929044 	657319 	Eubacterium siraeum 70/3 draft genome 	 Bacteria| Terrabacteria group| Firmicutes| Clostridia| Clostridiales| Ruminococcaceae| Ruminiclostridium| [Eubacterium] siraeum
AP013105 	1384484 	Adlercreutzia equolifaciens DSM 19450 DNA, complete genome 	 Bacteria| Terrabacteria group| Actinobacteria| Coriobacteriia| Eggerthellales| Eggerthellaceae| Adlercreutzia| Adlercreutzia equolifaciens
CP002544 	709991 	Odoribacter splanchnicus DSM 20712, complete genome 	 Bacteria| FCB group| Bacteroidetes/Chlorobi group| Bacteroidetes| Bacteroidia| Bacteroidales| Odoribacteraceae| Odoribacter| Odoribacter splanchnicus
FP929047 	657308 	Gordonibacter pamelaeae 7-10-1-b draft genome 	 Bacteria| Terrabacteria group| Actinobacteria| Coriobacteriia| Eggerthellales| Eggerthellaceae| Gordonibacter| Gordonibacter pamelaeae
CP005388 	478547 	Campylobacter jejuni subsp. jejuni CG8421, complete genome 	 Bacteria| Proteobacteria| delta/epsilon subdivisions| Epsilonproteobacteria| Campylobacterales| Campylobacteraceae| Campylobacter| Campylobacter jejuni| Campylobacter jejuni subsp. jejuni
CP002007 	672190 	Streptococcus suis 05HAS68, complete genome 	 Bacteria| Terrabacteria group| Firmicutes| Bacilli| Lactobacillales| Streptococcaceae| Streptococcus| Streptococcus suis
CP007557 	1333848 	Citrobacter freundii CFNIH1, complete genome 	 Bacteria| Proteobacteria| Gammaproteobacteria| Enterobacterales| Enterobacteriaceae| Citrobacter| Citrobacter freundii complex| Citrobacter freundii
AY171301 	226186 	Bacteroides thetaiotaomicron VPI-5482 plasmid p5482, complete sequence 	 Bacteria| FCB group| Bacteroidetes/Chlorobi group| Bacteroidetes| Bacteroidia| Bacteroidales| Bacteroidaceae| Bacteroides| Bacteroides thetaiotaomicron
CP000678 	420247 	Methanobrevibacter smithii ATCC 35061, complete genome 	 Archaea| Euryarchaeota| Methanobacteria| Methanobacteriales| Methanobacteriaceae| Methanobrevibacter| Methanobrevibacter smithii
EU818711 	820 	Bacteroides uniformis strain BUN24 plasmid pBUN24, complete sequence 	 Bacteria| FCB group| Bacteroidetes/Chlorobi group| Bacteroidetes| Bacteroidia| Bacteroidales| Bacteroidaceae| Bacteroides
JQ995537 	1211417 	Uncultured phage crAssphage, complete genome 	Viruses| unclassified bacterial viruses| environmental samples
FP929059 	717961 	Eubacterium siraeum V10Sc8a draft genome 	 Bacteria| Terrabacteria group| Firmicutes| Clostridia| Clostridiales| Ruminococcaceae| Ruminiclostridium| [Eubacterium] siraeum
FP929039 	751585 	Coprococcus sp. ART55/1 draft genome 	 Bacteria| Terrabacteria group| Firmicutes| Clostridia| Clostridiales| Lachnospiraceae| Coprococcus
CP007443 	1680 	Bifidobacterium adolescentis strain 22L, complete genome 	 Bacteria| Terrabacteria group| Actinobacteria| Actinobacteria| Bifidobacteriales| Bifidobacteriaceae| Bifidobacterium
CP006819 	1408178 	Streptococcus thermophilus ASCC 1275, complete genome 	 Bacteria| Terrabacteria group| Firmicutes| Bacilli| Lactobacillales| Streptococcaceae| Streptococcus| Streptococcus thermophilus
CP007034 	880074 	Barnesiella viscericola DSM 18177, complete genome 	 Bacteria| FCB group| Bacteroidetes/Chlorobi group| Bacteroidetes| Bacteroidia| Bacteroidales| Porphyromonadaceae| Barnesiella| Barnesiella viscericola
AP009378 	431946 	Escherichia coli SE15 DNA, complete genome 	 Bacteria| Proteobacteria| Gammaproteobacteria| Enterobacterales| Enterobacteriaceae| Escherichia| Escherichia coli
CP007456 	1447716 	Bifidobacterium kashiwanohense PV20-2, complete genome 	 Bacteria| Terrabacteria group| Actinobacteria| Actinobacteria| Bifidobacteriales| Bifidobacteriaceae| Bifidobacterium| Bifidobacterium kashiwanohense
CP006828 	1401325 	Ornithobacterium rhinotracheale ORT-UMN 88, complete genome 	 Bacteria| FCB group| Bacteroidetes/Chlorobi group| Bacteroidetes| Flavobacteriia| Flavobacteriales| Flavobacteriaceae| Ornithobacterium| Ornithobacterium rhinotracheale
AY345595 	820 	Bacteroides uniformis strain WH207 transposon CTnBST, complete sequence 	 Bacteria| FCB group| Bacteroidetes/Chlorobi group| Bacteroidetes| Bacteroidia| Bacteroidales| Bacteroidaceae| Bacteroides
CU651637 	591946 	Escherichia coli LF82 chromosome, complete sequence 	 Bacteria| Proteobacteria| Gammaproteobacteria| Enterobacterales| Enterobacteriaceae| Escherichia| Escherichia coli
CP001726 	479437 	Eggerthella lenta DSM 2243, complete genome 	 Bacteria| Terrabacteria group| Actinobacteria| Coriobacteriia| Eggerthellales| Eggerthellaceae| Eggerthella| Eggerthella lenta
AP012327 	1150460 	Bifidobacterium kashiwanohense JCM 15439 = DSM 21854 DNA, complete genome 	 Bacteria| Terrabacteria group| Actinobacteria| Actinobacteria| Bifidobacteriales| Bifidobacteriaceae| Bifidobacterium| Bifidobacterium kashiwanohense
CP003191 	203275 	Tannerella forsythia 92A2, complete genome 	 Bacteria| FCB group| Bacteroidetes/Chlorobi group| Bacteroidetes| Bacteroidia| Bacteroidales| Porphyromonadaceae| Tannerella| Tannerella forsythia
CP001071 	349741 	Akkermansia muciniphila ATCC BAA-835, complete genome 	 Bacteria| PVC group| Verrucomicrobia| Verrucomicrobiae| Verrucomicrobiales| Akkermansiaceae| Akkermansia| Akkermansia muciniphila
DQ859906 	817 	Bacteroides fragilis strain P35 plasmid pBFP35, complete sequence 	 Bacteria| FCB group| Bacteroidetes/Chlorobi group| Bacteroidetes| Bacteroidia| Bacteroidales| Bacteroidaceae| Bacteroides
JN801071 	817 	Bacteroides fragilis strain 334984 insertion sequence ISBf12 transposase gene, complete cds 	 Bacteria| FCB group| Bacteroidetes/Chlorobi group| Bacteroidetes| Bacteroidia| Bacteroidales| Bacteroidaceae| Bacteroides
X76949 	817 	B.fragilis nimD gene and IS-1169 	 Bacteria| FCB group| Bacteroidetes/Chlorobi group| Bacteroidetes| Bacteroidia| Bacteroidales| Bacteroidaceae| Bacteroides
NG_034522 	817 	Bacteroides fragilis Transposon Tn4551 clindamycin resistance determinant (ermFS) and direct repeat sequence (DRS4551-R) 	 Bacteria| FCB group| Bacteroidetes/Chlorobi group| Bacteroidetes| Bacteroidia| Bacteroidales| Bacteroidaceae| Bacteroides
AF289050 	818 	Bacteroides thetaiotaomicron conjugative transposon CTnDOT, transfer region 	 Bacteria| FCB group| Bacteroidetes/Chlorobi group| Bacteroidetes| Bacteroidia| Bacteroidales| Bacteroidaceae| Bacteroides
AJ311171 	818 	Bacteroides thetaiotaomicron transposon CTnDOT ermF region 	 Bacteria| FCB group| Bacteroidetes/Chlorobi group| Bacteroidetes| Bacteroidia| Bacteroidales| Bacteroidaceae| Bacteroides
FP929060 	245012 	Clostridiales sp. SM4/1 draft genome 	 Bacteria| Terrabacteria group| Firmicutes| Clostridia| Clostridiales| unclassified Clostridiales| unclassified Clostridiales (miscellaneous)
AF251288 	817 	Bacteroides fragilis transposon NBU2 lincomycin resistance gene (linAn2), MefEn2 (mefEn2), integrase (intN2), PrmN2 (prmN2), and mobilization protein (mobN2) genes, complete cds| and unknown genes 	 Bacteria| FCB group| Bacteroidetes/Chlorobi group| Bacteroidetes| Bacteroidia| Bacteroidales| Bacteroidaceae| Bacteroides
AP006842 	295405 	Bacteroides fragilis YCH46 plasmid pBFY46 DNA, complete sequence 	 Bacteria| FCB group| Bacteroidetes/Chlorobi group| Bacteroidetes| Bacteroidia| Bacteroidales| Bacteroidaceae| Bacteroides| Bacteroides fragilis
U63096 	817 	Bacteroides fragilis (bctA) gene, complete cds 	 Bacteria| FCB group| Bacteroidetes/Chlorobi group| Bacteroidetes| Bacteroidia| Bacteroidales| Bacteroidaceae| Bacteroides
CP010905 	272563 	Clostridioides difficile 630, complete genome 	 Bacteria| Terrabacteria group| Firmicutes| Clostridia| Clostridiales| Peptostreptococcaceae| Clostridioides| Clostridioides difficile
LK931720 	403776 	Sphingobacterium sp. PM2-P1-29 genome assembly Sequencing method, scaffold BN1088_Contig_143 	 Bacteria| FCB group| Bacteroidetes/Chlorobi group| Bacteroidetes| Sphingobacteriia| Sphingobacteriales| Sphingobacteriaceae| Sphingobacterium
NG_034698 	29523 	Bacteroides sp. plasmid pIP417 replicon 	 Bacteria| FCB group| Bacteroidetes/Chlorobi group| Bacteroidetes| Bacteroidia| Bacteroidales| Bacteroidaceae| Bacteroides
M37699 	817 	Transposon Tn4351 tetracycline resistance protein (tetX) gene, complete cds 	 Bacteria| FCB group| Bacteroidetes/Chlorobi group| Bacteroidetes| Bacteroidia| Bacteroidales| Bacteroidaceae| Bacteroides
DQ093580 	216816 	Bifidobacterium longum strain B200304 plasmid pBIF10 Rep (rep), TetQ (tetQ), Tra (tra), MobA (mobA), and MobB (mobB) genes, complete cds 	 Bacteria| Terrabacteria group| Actinobacteria| Actinobacteria| Bifidobacteriales| Bifidobacteriaceae| Bifidobacterium
CP009166 	745156 	Escherichia coli 1303, complete genome 	 Bacteria| Proteobacteria| Gammaproteobacteria| Enterobacterales| Enterobacteriaceae| Escherichia| Escherichia coli
CP002291 	910348 	Escherichia coli P12b, complete genome 	 Bacteria| Proteobacteria| Gammaproteobacteria| Enterobacterales| Enterobacteriaceae| Escherichia| Escherichia coli
CP001637 	536056 	Escherichia coli DH1, complete genome 	 Bacteria| Proteobacteria| Gammaproteobacteria| Enterobacterales| Enterobacteriaceae| Escherichia| Escherichia coli
CP002729 	696406 	Escherichia coli UMNK88, complete genome 	 Bacteria| Proteobacteria| Gammaproteobacteria| Enterobacterales| Enterobacteriaceae| Escherichia| Escherichia coli
CP003297 	1134782 	Escherichia coli O104:H4 str. 2009EL-2050, complete genome 	 Bacteria| Proteobacteria| Gammaproteobacteria| Enterobacterales| Enterobacteriaceae| Escherichia| Escherichia coli| Escherichia coli O104:H4
CP010816 	562 	Escherichia coli strain BL21 (TaKaRa), complete genome 	 Bacteria| Proteobacteria| Gammaproteobacteria| Enterobacterales| Enterobacteriaceae| Escherichia
CP002109 	610130 	Clostridium saccharolyticum WM1, complete genome 	 Bacteria| Terrabacteria group| Firmicutes| Clostridia| Clostridiales| Lachnospiraceae| Lachnoclostridium| [Clostridium] saccharolyticum
FN649414 	316401 	Escherichia coli ETEC H10407, complete genome 	 Bacteria| Proteobacteria| Gammaproteobacteria| Enterobacterales| Enterobacteriaceae| Escherichia| Escherichia coli
CP009167 	745156 	Escherichia coli 1303 plasmid p1303_109, complete sequence 	 Bacteria| Proteobacteria| Gammaproteobacteria| Enterobacterales| Enterobacteriaceae| Escherichia| Escherichia coli
LM995703 	562 	Escherichia coli genome assembly FHI27, scaffold scaffold-26_contig-1.0_1_724274_[organism:Escherichia 	 Bacteria| Proteobacteria| Gammaproteobacteria| Enterobacterales| Enterobacteriaceae| Escherichia
LM996072 	562 	Escherichia coli genome assembly FHI43, scaffold scaffold-13_contig-4.0_1_476460_[organism:Escherichia 	 Bacteria| Proteobacteria| Gammaproteobacteria| Enterobacterales| Enterobacteriaceae| Escherichia
LM996494 	562 	Escherichia coli genome assembly FHI34, scaffold scaffold-23_contig-2.1_247893_715567_[organism:Escherichia 	 Bacteria| Proteobacteria| Gammaproteobacteria| Enterobacterales| Enterobacteriaceae| Escherichia
LM996646 	562 	Escherichia coli genome assembly FHI75, scaffold scaffold-23_contig-3.0_1_452278_[organism:Escherichia 	 Bacteria| Proteobacteria| Gammaproteobacteria| Enterobacterales| Enterobacteriaceae| Escherichia
LM996363 	562 	Escherichia coli genome assembly FHI6, scaffold scaffold-28_contig-5.1_196988_377570_[organism:Escherichia 	 Bacteria| Proteobacteria| Gammaproteobacteria| Enterobacterales| Enterobacteriaceae| Escherichia
LM995856 	562 	Escherichia coli genome assembly FHI29, scaffold scaffold-16_contig-6.0_1_214224_[organism:Escherichia 	 Bacteria| Proteobacteria| Gammaproteobacteria| Enterobacterales| Enterobacteriaceae| Escherichia
LM996741 	562 	Escherichia coli genome assembly FHI8, scaffold scaffold-23_contig-10.1_4659_240883_[organism:Escherichia 	 Bacteria| Proteobacteria| Gammaproteobacteria| Enterobacterales| Enterobacteriaceae| Escherichia
AJ319661 	29523 	Bacteroides sp. conjugative transposon CTnDOT ORF3 and exc 	 Bacteria| FCB group| Bacteroidetes/Chlorobi group| Bacteroidetes| Bacteroidia| Bacteroidales| Bacteroidaceae| Bacteroides
LM995939 	562 	Escherichia coli genome assembly FHI4, scaffold scaffold-26_contig-7.0_1_245430_[organism:Escherichia 	 Bacteria| Proteobacteria| Gammaproteobacteria| Enterobacterales| Enterobacteriaceae| Escherichia
LM995474 	562 	Escherichia coli genome assembly FHI11, scaffold scaffold-20_contig-4.0_1_378416_[organism:Escherichia 	 Bacteria| Proteobacteria| Gammaproteobacteria| Enterobacterales| Enterobacteriaceae| Escherichia
CP012938 	28116 	Bacteroides ovatus strain ATCC 8483, complete genome 	 Bacteria| FCB group| Bacteroidetes/Chlorobi group| Bacteroidetes| Bacteroidia| Bacteroidales| Bacteroidaceae| Bacteroides
CP002589 	767031 	Prevotella denticola F0289, complete genome 	 Bacteria| FCB group| Bacteroidetes/Chlorobi group| Bacteroidetes| Bacteroidia| Bacteroidales| Prevotellaceae| Prevotella| Prevotella denticola
CP010412 	1681 	Bifidobacterium bifidum strain BF3, complete genome 	 Bacteria| Terrabacteria group| Actinobacteria| Actinobacteria| Bifidobacteriales| Bifidobacteriaceae| Bifidobacterium
AP014597 	28131 	Prevotella intermedia DNA, complete genome, strain: OMA14, chromosome: I 	 Bacteria| FCB group| Bacteroidetes/Chlorobi group| Bacteroidetes| Bacteroidia| Bacteroidales| Prevotellaceae| Prevotella
CP012801 	246787 	Bacteroides cellulosilyticus strain WH2, complete genome 	 Bacteria| FCB group| Bacteroidetes/Chlorobi group| Bacteroidetes| Bacteroidia| Bacteroidales| Bacteroidaceae| Bacteroides
CP002123 	553174 	Prevotella melaninogenica ATCC 25845 chromosome II, complete sequence 	 Bacteria| FCB group| Bacteroidetes/Chlorobi group| Bacteroidetes| Bacteroidia| Bacteroidales| Prevotellaceae| Prevotella| Prevotella melaninogenica
AP012326 	1150423 	Bifidobacterium dentium JCM 1195 = DSM 20436 DNA, complete genome 	 Bacteria| Terrabacteria group| Actinobacteria| Actinobacteria| Bifidobacteriales| Bifidobacteriaceae| Bifidobacterium| Bifidobacterium dentium
CP011307 	1297617 	Intestinimonas butyriciproducens strain AF211, complete genome 	 Bacteria| Terrabacteria group| Firmicutes| Clostridia| Clostridiales| unclassified Clostridiales| Intestinimonas
CP009057 	357276 	Bacteroides dorei isolate HS2_L_2_B_045b, complete genome 	 Bacteria| FCB group| Bacteroidetes/Chlorobi group| Bacteroidetes| Bacteroidia| Bacteroidales| Bacteroidaceae| Bacteroides
AP014598 	28131 	Prevotella intermedia DNA, complete genome, strain: OMA14, chromosome: II 	 Bacteria| FCB group| Bacteroidetes/Chlorobi group| Bacteroidetes| Bacteroidia| Bacteroidales| Prevotellaceae| Prevotella
CP011964 	1679 	Bifidobacterium longum subsp. longum strain NCIMB8809, complete genome 	 Bacteria| Terrabacteria group| Actinobacteria| Actinobacteria| Bifidobacteriales| Bifidobacteriaceae| Bifidobacterium| Bifidobacterium longum
CP013196 	1496 	Peptoclostridium difficile strain Z31, complete genome 	 Bacteria| Terrabacteria group| Firmicutes| Clostridia| Clostridiales| Peptostreptococcaceae| Clostridioides
NR_103124 	28132 	Prevotella melaninogenica strain Finegold B282 23S ribosomal RNA gene, complete sequence 	 Bacteria| FCB group| Bacteroidetes/Chlorobi group| Bacteroidetes| Bacteroidia| Bacteroidales| Prevotellaceae| Prevotella
CP003939 	1224745 	Peptoclostridium difficile BJ08, complete genome 	 Bacteria| Terrabacteria group| Firmicutes| Clostridia| Clostridiales| Peptostreptococcaceae| Clostridioides| Clostridioides difficile
CP010437 	1680 	Bifidobacterium adolescentis strain BBMN23, complete genome 	 Bacteria| Terrabacteria group| Actinobacteria| Actinobacteria| Bifidobacteriales| Bifidobacteriaceae| Bifidobacterium
AP012044 	693746 	Oscillibacter valericigenes Sjm18-20 DNA, complete genome 	 Bacteria| Terrabacteria group| Firmicutes| Clostridia| Clostridiales| Oscillospiraceae| Oscillibacter| Oscillibacter valericigenes
CP001361 	484020 	Bifidobacterium bifidum BGN4, complete genome 	 Bacteria| Terrabacteria group| Actinobacteria| Actinobacteria| Bifidobacteriales| Bifidobacteriaceae| Bifidobacterium| Bifidobacterium bifidum
AP009256 	367928 	Bifidobacterium adolescentis ATCC 15703 DNA, complete genome 	 Bacteria| Terrabacteria group| Actinobacteria| Actinobacteria| Bifidobacteriales| Bifidobacteriaceae| Bifidobacterium| Bifidobacterium adolescentis
CP001840 	702459 	Bifidobacterium bifidum PRL2010, complete genome 	 Bacteria| Terrabacteria group| Actinobacteria| Actinobacteria| Bifidobacteriales| Bifidobacteriaceae| Bifidobacterium| Bifidobacterium bifidum
CP002220 	883062 	Bifidobacterium bifidum S17, complete genome 	 Bacteria| Terrabacteria group| Actinobacteria| Actinobacteria| Bifidobacteriales| Bifidobacteriaceae| Bifidobacterium| Bifidobacterium bifidum
FP929052 	213810 	Ruminococcus champanellensis type strain 18P13T draft genome 	 Bacteria| Terrabacteria group| Firmicutes| Clostridia| Clostridiales| Ruminococcaceae| Ruminococcus| Ruminococcus champanellensis
CP002273 	903814 	Eubacterium limosum KIST612, complete genome 	 Bacteria| Terrabacteria group| Firmicutes| Clostridia| Clostridiales| Eubacteriaceae| Eubacterium| Eubacterium limosum
CP002122 	553174 	Prevotella melaninogenica ATCC 25845 chromosome I, complete sequence 	 Bacteria| FCB group| Bacteroidetes/Chlorobi group| Bacteroidetes| Bacteroidia| Bacteroidales| Prevotellaceae| Prevotella| Prevotella melaninogenica
CP003369 	908937 	Prevotella dentalis DSM 3688 chromosome 2, complete sequence 	 Bacteria| FCB group| Bacteroidetes/Chlorobi group| Bacteroidetes| Bacteroidia| Bacteroidales| Prevotellaceae| Prevotella| Prevotella dentalis
CP000243 	364106 	Escherichia coli UTI89, complete genome 	 Bacteria| Proteobacteria| Gammaproteobacteria| Enterobacterales| Enterobacteriaceae| Escherichia| Escherichia coli
NG_034706 	817 	Bacteroides fragilis mobilization protein MbpA (mbpA), MbpB (mbpB) and MbpC (mbpC) genes, complete cds 	 Bacteria| FCB group| Bacteroidetes/Chlorobi group| Bacteroidetes| Bacteroidia| Bacteroidales| Bacteroidaceae| Bacteroides
U75371 	817 	Bacteroides fragilis transposon Tn4555 TnpA (tnpA), integrase (int), TnpC (tnpC), excisionase (xis), mobilization protein (mobA), and beta-lactamase (cfxA) genes, complete cds| and unknown genes 	 Bacteria| FCB group| Bacteroidetes/Chlorobi group| Bacteroidetes| Bacteroidia| Bacteroidales| Bacteroidaceae| Bacteroides
AF238307 	820 	Bacteroides uniformis insertion sequence NBU1, complete sequence 	 Bacteria| FCB group| Bacteroidetes/Chlorobi group| Bacteroidetes| Bacteroidia| Bacteroidales| Bacteroidaceae| Bacteroides
NR_076999 	817 	Bacteroides fragilis strain ATCC 25285 23S ribosomal RNA gene, complete sequence 	 Bacteria| FCB group| Bacteroidetes/Chlorobi group| Bacteroidetes| Bacteroidia| Bacteroidales| Bacteroidaceae| Bacteroides
CP001820 	479436 	Veillonella parvula DSM 2008, complete genome 	 Bacteria| Terrabacteria group| Firmicutes| Negativicutes| Veillonellales| Veillonellaceae| Veillonella| Veillonella parvula
NR_076809 	290053 	Bacteroides helcogenes strain P 36-108 23S ribosomal RNA gene, complete sequence 	 Bacteria| FCB group| Bacteroidetes/Chlorobi group| Bacteroidetes| Bacteroidia| Bacteroidales| Bacteroidaceae| Bacteroides
AJ431573 	818 	Bacteroides thetaiotaomicron transposon CTnDOT, xis2c, xis2d, exc and rteR genes, ORF2A, ORF2B, ORF3, ORF2E and ORF4A 	 Bacteria| FCB group| Bacteroidetes/Chlorobi group| Bacteroidetes| Bacteroidia| Bacteroidales| Bacteroidaceae| Bacteroides
FJ410383 	28116 	Bacteroides ovatus ATCC:8483 16S ribosomal RNA gene, partial sequence| 16S-23S ribosomal intergenic spacer, complete sequence| and 23S ribosomal RNA gene, partial sequence 	 Bacteria| FCB group| Bacteroidetes/Chlorobi group| Bacteroidetes| Bacteroidia| Bacteroidales| Bacteroidaceae| Bacteroides
AY053505 	817 	Bacteroides fragilis mobilizable transposon cLV25 mobilization protein BmgA (bmgA), mobilization protein BmgB (bmgB), DNA primase, putative excisionase, and putative integrase genes, complete cds| and unknown genes 	 Bacteria| FCB group| Bacteroidetes/Chlorobi group| Bacteroidetes| Bacteroidia| Bacteroidales| Bacteroidaceae| Bacteroides
NG_036111 	1018 	Capnocytophaga ochracea plasmid pCAP01 MobA (mobA), CfxA3 (cfxA3), transposase-like protein, RepA (repA), relaxase-like protein, and mob-like protein genes, complete cds 	 Bacteria| FCB group| Bacteroidetes/Chlorobi group| Bacteroidetes| Flavobacteriia| Flavobacteriales| Flavobacteriaceae| Capnocytophaga
CP002006 	264731 	Prevotella ruminicola 23, complete genome 	 Bacteria| FCB group| Bacteroidetes/Chlorobi group| Bacteroidetes| Bacteroidia| Bacteroidales| Prevotellaceae| Prevotella| Prevotella ruminicola
CP003032 	1069534 	Lactobacillus ruminis ATCC 27782, complete genome 	 Bacteria| Terrabacteria group| Firmicutes| Bacilli| Lactobacillales| Lactobacillaceae| Lactobacillus| Lactobacillus ruminis
CP003368 	908937 	Prevotella dentalis DSM 3688 chromosome 1, complete sequence 	 Bacteria| FCB group| Bacteroidetes/Chlorobi group| Bacteroidetes| Bacteroidia| Bacteroidales| Prevotellaceae| Prevotella| Prevotella dentalis
FO203355 	935296 	Enterobacter aerogenes EA1509E complete genome 	 Bacteria| Proteobacteria| Gammaproteobacteria| Enterobacterales| Enterobacteriaceae| Klebsiella| [Enterobacter] aerogenes
CP002824 	1028307 	Enterobacter aerogenes KCTC 2190, complete genome 	 Bacteria| Proteobacteria| Gammaproteobacteria| Enterobacterales| Enterobacteriaceae| Klebsiella| [Enterobacter] aerogenes
AE014075 	199310 	Escherichia coli CFT073, complete genome 	 Bacteria| Proteobacteria| Gammaproteobacteria| Enterobacterales| Enterobacteriaceae| Escherichia| Escherichia coli
FN665653 	699035 	Clostridium difficile complete genome, strain M120 	 Bacteria| Terrabacteria group| Firmicutes| Clostridia| Clostridiales| Peptostreptococcaceae| Clostridioides| Clostridioides difficile
CP003502 	246198 	Prevotella intermedia 17 chromosome I, complete sequence 	 Bacteria| FCB group| Bacteroidetes/Chlorobi group| Bacteroidetes| Bacteroidia| Bacteroidales| Prevotellaceae| Prevotella| Prevotella intermedia
AY028442 	158316 	Bacterium mpn-isolate group 1 16S ribosomal RNA gene, partial sequence 	 Bacteria| unclassified Bacteria| unclassified Bacteria (miscellaneous)
LN681234 	1505 	[Clostridium] sordellii genome assembly JGS6382, chromosome : 1 	 Bacteria| Terrabacteria group| Firmicutes| Clostridia| Clostridiales| Peptostreptococcaceae| Paeniclostridium
AJ581354 	243905 	Prevotella sp. BI-42 16S rRNA gene, strain BI-42 	 Bacteria| FCB group| Bacteroidetes/Chlorobi group| Bacteroidetes| Bacteroidia| Bacteroidales| Prevotellaceae| Prevotella
HE999703 	817 	Bacteroides ovatus insertion sequence IS4-like and partial inactivated ermF gene, strain MN11 	 Bacteria| FCB group| Bacteroidetes/Chlorobi group| Bacteroidetes| Bacteroidia| Bacteroidales| Bacteroidaceae| Bacteroides
AP008230 	138119 	Desulfitobacterium hafniense Y51 DNA, complete genome 	 Bacteria| Terrabacteria group| Firmicutes| Clostridia| Clostridiales| Peptococcaceae| Desulfitobacterium| Desulfitobacterium hafniense
CP009072 	1322345 	Escherichia coli ATCC 25922, complete genome 	 Bacteria| Proteobacteria| Gammaproteobacteria| Enterobacterales| Enterobacteriaceae| Escherichia| Escherichia coli
CP003503 	246198 	Prevotella intermedia 17 chromosome II, complete sequence 	 Bacteria| FCB group| Bacteroidetes/Chlorobi group| Bacteroidetes| Bacteroidia| Bacteroidales| Prevotellaceae| Prevotella| Prevotella intermedia
NR_113411 	537011 	Prevotella copri strain JCM 13464 16S ribosomal RNA gene, partial sequence 	 Bacteria| FCB group| Bacteroidetes/Chlorobi group| Bacteroidetes| Bacteroidia| Bacteroidales| Prevotellaceae| Prevotella| Prevotella copri
JX424618 	1231727 	Prevotella sp. Sc00026 clone contig00026c genomic sequence 	 Bacteria| FCB group| Bacteroidetes/Chlorobi group| Bacteroidetes| Bacteroidia| Bacteroidales| Prevotellaceae| Prevotella
LM996882 	562 	Escherichia coli genome assembly FHI72, scaffold scaffold-33_contig-0.1_44342_1130685_[organism:Escherichia 	 Bacteria| Proteobacteria| Gammaproteobacteria| Enterobacterales| Enterobacteriaceae| Escherichia
NR_113355 	218538 	Dialister invisus strain JCM 17566 16S ribosomal RNA gene, partial sequence 	 Bacteria| Terrabacteria group| Firmicutes| Negativicutes| Veillonellales| Veillonellaceae| Dialister
